,title,id,language,ontologyId,resultType,access,distance,categories,references,address.label,address.countryCode,address.countryName,address.stateCode,address.state,address.county,address.city,address.district,address.subdistrict,address.postalCode,position.lat,position.lng,address.street,contacts
0,Parel RB-II 263,here:pds:place:356jx7ps-07de130639ae06ef79e9502907701da4,en-GB,here:cm:ontology:apartment_rental_flat_rental,place,"[{'lat': 19.00667, 'lng': 72.83701}]",5377,"[{'id': '900-9300-0221', 'name': 'Residential Area/Building', 'primary': True}, {'id': '700-7200-0324', 'name': 'Apartment/Flat Rental'}]","[{'supplier': {'id': 'core'}, 'id': '1058569313'}]","Parel RB-II 263, Krishna Nagar, Parel East, Mumbai 400012, India",IND,India,MH,Maharashtra,Mumbai,Mumbai,Parel East,Krishna Nagar,400012,19.00672,72.83705,,
1,Parel RB-II 264,here:pds:place:356jx7ps-9b0e55271ec70dcf4e5896e1e72ebe5b,en-GB,here:cm:ontology:apartment_rental_flat_rental,place,"[{'lat': 19.00659, 'lng': 72.83687}]",5378,"[{'id': '900-9300-0221', 'name': 'Residential Area/Building', 'primary': True}, {'id': '700-7200-0324', 'name': 'Apartment/Flat Rental'}]","[{'supplier': {'id': 'core'}, 'id': '1122455980'}]","Parel RB-II 264, Krishna Nagar, Parel East, Mumbai 400012, India",IND,India,MH,Maharashtra,Mumbai,Mumbai,Parel East,Krishna Nagar,400012,19.00671,72.83694,,
2,Parel RB-II 265,here:pds:place:356jx7ps-de32e94759e601a82ed1e8fe21b75632,en-GB,here:cm:ontology:apartment_rental_flat_rental,place,"[{'lat': 19.00641, 'lng': 72.83676}]",5416,"[{'id': '900-9300-0221', 'name': 'Residential Area/Building', 'primary': True}, {'id': '700-7200-0324', 'name': 'Apartment/Flat Rental'}]","[{'supplier': {'id': 'core'}, 'id': '1058569300'}]","Parel RB-II 265, Krishna Nagar, Parel East, Mumbai 400012, India",IND,India,MH,Maharashtra,Mumbai,Mumbai,Parel East,Krishna Nagar,400012,19.00638,72.83675,,
3,Kavarana Building,here:pds:place:356te7u1-753ae5f4de034999b3fb9a146e2cd365,en-GB,here:cm:ontology:apartment_rental_flat_rental,place,"[{'lat': 19.0052, 'lng': 72.8376}]",5543,"[{'id': '900-9300-0221', 'name': 'Residential Area/Building', 'primary': True}, {'id': '700-7200-0324', 'name': 'Apartment/Flat Rental'}, {'id': '700-7400-0141', 'name': 'Business Services'}]",,"Kavarana Building, Vitthal Chavan Marg, Krishna Nagar, Parel East, Mumbai 400012, India",IND,India,MH,Maharashtra,Mumbai,Mumbai,Parel East,Krishna Nagar,400012,19.00519,72.83759,Vitthal Chavan Marg,
4,Jivaji Bhavan,here:pds:place:356te7u1-5d52a736c4c54b1e8a292ef781814435,en-GB,here:cm:ontology:apartment_rental_flat_rental,place,"[{'lat': 19.00441, 'lng': 72.83753}]",5630,"[{'id': '900-9300-0221', 'name': 'Residential Area/Building', 'primary': True}, {'id': '700-7200-0324', 'name': 'Apartment/Flat Rental'}]","[{'supplier': {'id': 'core'}, 'id': '1185599824'}, {'supplier': {'id': 'core'}, 'id': '1207812487'}]","Jivaji Bhavan, Chamarbaug Post Office Lane, Krishna Nagar, Parel East, Mumbai 400012, India",IND,India,MH,Maharashtra,Mumbai,Mumbai,Parel East,Krishna Nagar,400012,19.00441,72.83753,Chamarbaug Post Office Lane,
5,Krishna Building-No 3-Entrance 1,here:pds:place:356jx7ps-d0669316f0430cdbc2f80deb93866dce,en-GB,here:cm:ontology:apartment_rental_flat_rental,place,"[{'lat': 19.00346, 'lng': 72.84001}]",5729,"[{'id': '900-9300-0221', 'name': 'Residential Area/Building', 'primary': True}, {'id': '700-7200-0324', 'name': 'Apartment/Flat Rental'}]","[{'supplier': {'id': 'core'}, 'id': '1139169649'}]","Krishna Building-No 3-Entrance 1, DR Batliwala Street, Parel East, Mumbai 400012, India",IND,India,MH,Maharashtra,Mumbai,Mumbai,Parel East,,400012,19.00346,72.84001,DR Batliwala Street,
6,Mahapurush Co Operative Housing Society,here:pds:place:356jx7ps-dec4e5c9dcec08b34d2e0449ecdf28cb,en-GB,here:cm:ontology:apartment_rental_flat_rental,place,"[{'lat': 18.99864, 'lng': 72.83915}]",6264,"[{'id': '900-9300-0221', 'name': 'Residential Area/Building', 'primary': True}, {'id': '700-7200-0324', 'name': 'Apartment/Flat Rental'}]","[{'supplier': {'id': 'core'}, 'id': '1122455986'}]","Mahapurush Co Operative Housing Society, DR Shirodkar Marg, Parel East, Mumbai 400012, India",IND,India,MH,Maharashtra,Mumbai,Mumbai,Parel East,,400012,18.99866,72.83915,DR Shirodkar Marg,
7,Rajkamal Apartments,here:pds:place:356te7u1-5b72aa4c10e04e6f815b8abde517f85c,en-GB,here:cm:ontology:apartment_rental_flat_rental,place,"[{'lat': 18.9959, 'lng': 72.84352}]",6536,"[{'id': '900-9300-0221', 'name': 'Residential Area/Building', 'primary': True}, {'id': '700-7200-0324', 'name': 'Apartment/Flat Rental'}]","[{'supplier': {'id': 'core'}, 'id': '1185599449'}]","Rajkamal Apartments, Raj Kamal Lane, Mint Colony, Parel, Mumbai 400012, India",IND,India,MH,Maharashtra,Mumbai,Mumbai,Parel,Mint Colony,400012,18.99626,72.84311,Raj Kamal Lane,
8,Sumanga L,here:pds:place:356te7u1-27ea45745b0f4895bd3ca6d86a73b516,en-GB,here:cm:ontology:apartment_rental_flat_rental,place,"[{'lat': 18.99519, 'lng': 72.83355}]",6664,"[{'id': '700-7200-0324', 'name': 'Apartment/Flat Rental', 'primary': True}, {'id': '700-7250-0136', 'name': 'Business Facility'}]",,"Sumanga L, Mahadev Palav Marg, Railway Chawl, Parel East, Mumbai 400013, India",IND,India,MH,Maharashtra,Mumbai,Mumbai,Parel East,Railway Chawl,400013,18.9954,72.83334,Mahadev Palav Marg,[{'mobile': [{'value': '+919892040470'}]}]
9,Kalpataru Habitat Apartment,here:pds:place:356te7u1-ab77ff0a7fcb459aac61b77b4d0d2502,en-GB,here:cm:ontology:apartment_rental_flat_rental,place,"[{'lat': 18.99475, 'lng': 72.841}]",6698,"[{'id': '900-9300-0221', 'name': 'Residential Area/Building', 'primary': True}, {'id': '700-7200-0324', 'name': 'Apartment/Flat Rental'}, {'id': '700-7250-0136', 'name': 'Business Facility'}]","[{'supplier': {'id': 'core'}, 'id': '1058569665'}, {'supplier': {'id': 'core'}, 'id': '800998607'}]","Kalpataru Habitat Apartment, Saibaba Marg, Abhyudaya Nagar-Kalachowki-Lalbaug, Parel, Mumbai 400012, India",IND,India,MH,Maharashtra,Mumbai,Mumbai,Parel,Abhyudaya Nagar-Kalachowki-Lalbaug,400012,18.99475,72.84121,Saibaba Marg,
10,Indian Mint Quarter Block No 11,here:pds:place:356te7u1-c3a431e502734642b96f3c4f3dfb096c,en-GB,here:cm:ontology:apartment_rental_flat_rental,place,"[{'lat': 18.99441, 'lng': 72.8439}]",6754,"[{'id': '900-9300-0221', 'name': 'Residential Area/Building', 'primary': True}, {'id': '700-7200-0324', 'name': 'Apartment/Flat Rental'}]","[{'supplier': {'id': 'core'}, 'id': '1058576591'}]","Indian Mint Quarter Block No 11, Shree Saibaba Marg, Abhyudaya Nagar-Kalachowki-Lalbaug, Parel, Mumbai 400012, India",IND,India,MH,Maharashtra,Mumbai,Mumbai,Parel,Abhyudaya Nagar-Kalachowki-Lalbaug,400012,18.99434,72.84389,Shree Saibaba Marg,
11,New Papai Wadi,here:pds:place:356jx7ps-063fa9b91a1d05d4a018f8957c47adf7,en-GB,here:cm:ontology:apartment_rental_flat_rental,place,"[{'lat': 18.99437, 'lng': 72.8449}]",6762,"[{'id': '900-9300-0221', 'name': 'Residential Area/Building', 'primary': True}, {'id': '700-7200-0324', 'name': 'Apartment/Flat Rental'}]","[{'supplier': {'id': 'core'}, 'id': '1138027007'}]","New Papai Wadi, G D Ambekar Marg, Abhyudaya Nagar-Kalachowki, Parel, Mumbai 400033, India",IND,India,MH,Maharashtra,Mumbai,Mumbai,Parel,Abhyudaya Nagar-Kalachowki,400033,18.99433,72.84493,G D Ambekar Marg,
12,Sai Sadan,here:pds:place:356te7u1-285757fb7e7647bc91bd8c233580c7ca,en-GB,here:cm:ontology:apartment_rental_flat_rental,place,"[{'lat': 18.99434, 'lng': 72.84457}]",6764,"[{'id': '900-9300-0221', 'name': 'Residential Area/Building', 'primary': True}, {'id': '700-7200-0324', 'name': 'Apartment/Flat Rental'}]","[{'supplier': {'id': 'core'}, 'id': '1031671257'}]","Sai Sadan, Shree Saibaba Marg, Abhyudaya Nagar-Kalachowki-Lalbaug, Parel, Mumbai 400012, India",IND,India,MH,Maharashtra,Mumbai,Mumbai,Parel,Abhyudaya Nagar-Kalachowki-Lalbaug,400012,18.99429,72.84461,Shree Saibaba Marg,
13,Kingston Tower,here:pds:place:356te7u1-3c87f29f57f64511830801d1aad2727c,en-GB,here:cm:ontology:apartment_rental_flat_rental,place,"[{'lat': 18.99416, 'lng': 72.84483}]",6772,"[{'id': '900-9300-0221', 'name': 'Residential Area/Building', 'primary': True}, {'id': '700-7200-0324', 'name': 'Apartment/Flat Rental'}]","[{'supplier': {'id': 'core'}, 'id': '1011550771'}]","Kingston Tower, G D Ambekar Marg, Abhyudaya Nagar-Kalachowki, Parel, Mumbai 400033, India",IND,India,MH,Maharashtra,Mumbai,Mumbai,Parel,Abhyudaya Nagar-Kalachowki,400033,18.99424,72.84494,G D Ambekar Marg,
14,Gundecha Deepak Jyoti,here:pds:place:356te7u1-63438b9fdb704b1b812f165067ac8ab9,en-GB,here:cm:ontology:apartment_rental_flat_rental,place,"[{'lat': 18.9927, 'lng': 72.84226}]",6934,"[{'id': '900-9300-0221', 'name': 'Residential Area/Building', 'primary': True}, {'id': '700-7200-0324', 'name': 'Apartment/Flat Rental'}]","[{'supplier': {'id': 'core'}, 'id': '1185599618'}]","Gundecha Deepak Jyoti, G D Ambekar Marg, Abhyudaya Nagar-Kalachowki, Parel, Mumbai 400033, India",IND,India,MH,Maharashtra,Mumbai,Mumbai,Parel,Abhyudaya Nagar-Kalachowki,400033,18.99265,72.8423,G D Ambekar Marg,
