,title,address.label,distance,access,position.lat,position.lng,address.postalCode,id
0,Parel RB-II 263,"Parel RB-II 263, Krishna Nagar, Parel East, Mumbai 400012, India",5377,"[{'lat': 19.00667, 'lng': 72.83701}]",19.00672,72.83705,400012,here:pds:place:356jx7ps-07de130639ae06ef79e9502907701da4
1,Parel RB-II 264,"Parel RB-II 264, Krishna Nagar, Parel East, Mumbai 400012, India",5378,"[{'lat': 19.00659, 'lng': 72.83687}]",19.00671,72.83694,400012,here:pds:place:356jx7ps-9b0e55271ec70dcf4e5896e1e72ebe5b
2,Parel RB-II 265,"Parel RB-II 265, Krishna Nagar, Parel East, Mumbai 400012, India",5416,"[{'lat': 19.00641, 'lng': 72.83676}]",19.00638,72.83675,400012,here:pds:place:356jx7ps-de32e94759e601a82ed1e8fe21b75632
3,Kavarana Building,"Kavarana Building, Vitthal Chavan Marg, Krishna Nagar, Parel East, Mumbai 400012, India",5543,"[{'lat': 19.0052, 'lng': 72.8376}]",19.00519,72.83759,400012,here:pds:place:356te7u1-753ae5f4de034999b3fb9a146e2cd365
4,Jivaji Bhavan,"Jivaji Bhavan, Chamarbaug Post Office Lane, Krishna Nagar, Parel East, Mumbai 400012, India",5630,"[{'lat': 19.00441, 'lng': 72.83753}]",19.00441,72.83753,400012,here:pds:place:356te7u1-5d52a736c4c54b1e8a292ef781814435
5,Krishna Building-No 3-Entrance 1,"Krishna Building-No 3-Entrance 1, DR Batliwala Street, Parel East, Mumbai 400012, India",5729,"[{'lat': 19.00346, 'lng': 72.84001}]",19.00346,72.84001,400012,here:pds:place:356jx7ps-d0669316f0430cdbc2f80deb93866dce
6,Mahapurush Co Operative Housing Society,"Mahapurush Co Operative Housing Society, DR Shirodkar Marg, Parel East, Mumbai 400012, India",6264,"[{'lat': 18.99864, 'lng': 72.83915}]",18.99866,72.83915,400012,here:pds:place:356jx7ps-dec4e5c9dcec08b34d2e0449ecdf28cb
7,Rajkamal Apartments,"Rajkamal Apartments, Raj Kamal Lane, Mint Colony, Parel, Mumbai 400012, India",6536,"[{'lat': 18.9959, 'lng': 72.84352}]",18.99626,72.84311,400012,here:pds:place:356te7u1-5b72aa4c10e04e6f815b8abde517f85c
8,Sumanga L,"Sumanga L, Mahadev Palav Marg, Railway Chawl, Parel East, Mumbai 400013, India",6664,"[{'lat': 18.99519, 'lng': 72.83355}]",18.9954,72.83334,400013,here:pds:place:356te7u1-27ea45745b0f4895bd3ca6d86a73b516
9,Kalpataru Habitat Apartment,"Kalpataru Habitat Apartment, Saibaba Marg, Abhyudaya Nagar-Kalachowki-Lalbaug, Parel, Mumbai 400012, India",6698,"[{'lat': 18.99475, 'lng': 72.841}]",18.99475,72.84121,400012,here:pds:place:356te7u1-ab77ff0a7fcb459aac61b77b4d0d2502
10,Indian Mint Quarter Block No 11,"Indian Mint Quarter Block No 11, Shree Saibaba Marg, Abhyudaya Nagar-Kalachowki-Lalbaug, Parel, Mumbai 400012, India",6754,"[{'lat': 18.99441, 'lng': 72.8439}]",18.99434,72.84389,400012,here:pds:place:356te7u1-c3a431e502734642b96f3c4f3dfb096c
11,New Papai Wadi,"New Papai Wadi, G D Ambekar Marg, Abhyudaya Nagar-Kalachowki, Parel, Mumbai 400033, India",6762,"[{'lat': 18.99437, 'lng': 72.8449}]",18.99433,72.84493,400033,here:pds:place:356jx7ps-063fa9b91a1d05d4a018f8957c47adf7
12,Sai Sadan,"Sai Sadan, Shree Saibaba Marg, Abhyudaya Nagar-Kalachowki-Lalbaug, Parel, Mumbai 400012, India",6764,"[{'lat': 18.99434, 'lng': 72.84457}]",18.99429,72.84461,400012,here:pds:place:356te7u1-285757fb7e7647bc91bd8c233580c7ca
13,Kingston Tower,"Kingston Tower, G D Ambekar Marg, Abhyudaya Nagar-Kalachowki, Parel, Mumbai 400033, India",6772,"[{'lat': 18.99416, 'lng': 72.84483}]",18.99424,72.84494,400033,here:pds:place:356te7u1-3c87f29f57f64511830801d1aad2727c
14,Gundecha Deepak Jyoti,"Gundecha Deepak Jyoti, G D Ambekar Marg, Abhyudaya Nagar-Kalachowki, Parel, Mumbai 400033, India",6934,"[{'lat': 18.9927, 'lng': 72.84226}]",18.99265,72.8423,400033,here:pds:place:356te7u1-63438b9fdb704b1b812f165067ac8ab9
